#{"t_start": 1721119906.067745, "env_id": "NormalTBS_Env-v0"}
r,l,t
-30010.0,3000,9.188901
-30010.0,3000,18.270072
